index,code,work_date,md_13,n_d13,p_d13,cls_13,cls_17,cls_25,ec_13,ec_17,ec_25,sc_13,sc_17,sc_25,high,low,pclose,pctchg,close,hec,hsc,df13,chr,hhr,clr,llr
15,sh.600021,2021-12-16,2021-12-15,1,15,9,9,9,14.96,14.96,14.96,9.96,8.69,8.69,15.06,14.35,14.96,-2.473,14.59,14.96,9.96,N,-2.473,0.668,30.949,29.345
20,sh.600027,2021-12-16,2021-12-15,1,15,8,8,8,5.02,5.02,5.02,3.63,3.47,3.47,5.14,4.87,5.02,-2.191,4.91,5.02,3.63,N,-2.191,2.39,25.498,24.701
37,sh.600055,2021-12-16,2021-12-15,1,9,8,8,8,25.19,25.19,25.19,22.01,22.01,17.16,25.58,24.88,25.19,-0.556,25.05,25.19,22.01,N,-0.556,1.548,12.068,11.393
42,sh.600060,2021-12-16,2021-12-14,2,8,6,-6,5,13.93,12.89,13.95,12.89,13.95,11.82,13.97,13.39,13.47,3.118,13.89,13.95,13.95,N,-0.445,0.148,-0.445,-4.157
63,sh.600085,2021-12-16,2021-12-08,8,30,7,8,7,38.37,38.37,38.37,32.27,32.82,32.27,38.95,37.47,37.47,1.441,38.01,38.37,32.82,N,-0.961,1.548,13.851,12.41
74,sh.600099,2021-12-16,2021-12-15,1,9,9,9,9,8.4,8.4,8.4,7.15,7.15,6.78,8.64,8.1,8.4,-0.714,8.34,8.4,7.15,N,-0.714,2.857,14.167,11.31
88,sh.600114,2021-12-16,2021-12-03,13,8,9,9,7,12.91,12.91,12.91,11.45,11.39,9.79,13.06,11.96,12,5.917,12.71,12.91,11.45,N,-1.667,1.25,10.5,4.25
98,sh.600125,2021-12-16,2021-12-15,1,16,4,2,2,5.16,5.16,5.16,4.73,4.73,4.66,5.18,5.11,5.16,-0.775,5.12,5.16,4.73,N,-0.775,0.388,7.558,7.364
101,sh.600128,2021-12-16,2021-12-14,2,15,5,3,2,7.19,7.19,7.19,6.43,6.43,6.08,7.22,7.06,7.06,1.558,7.17,7.19,6.43,N,-0.283,0.425,10.482,8.924
112,sh.600141,2021-12-16,2021-12-10,6,3,7,8,-7,42.57,42.57,37.51,37.51,37.51,43.7,43.8,41.36,40.61,3.571,42.06,42.57,43.7,N,-4.038,0.246,-1.256,-2.98
117,sh.600149,2021-12-16,2021-12-15,1,9,6,7,5,5.28,5.28,5.28,4.46,4.46,4.39,5.36,5.11,5.28,-1.705,5.19,5.28,4.46,N,-1.705,1.515,13.826,12.311
118,sh.600150,2021-12-16,2021-12-14,2,15,7,8,8,25.43,25.43,25.43,22.79,20.94,20.94,25.55,24.8,25.22,-0.674,25.05,25.43,22.79,N,-1.507,0.476,8.961,7.97
148,sh.600185,2021-12-16,2021-12-14,2,15,1,2,2,7.45,7.45,7.45,6.53,6.09,6.09,7.5,7.2,7.43,-1.75,7.3,7.45,6.53,N,-2.019,0.673,10.363,9.017
161,sh.600199,2021-12-16,2021-12-15,1,15,6,5,5,18.88,18.88,18.88,16.43,16.43,16.43,19.39,18.48,18.88,-1.112,18.67,18.88,16.43,N,-1.112,2.701,11.864,10.858
162,sh.600200,2021-12-16,2021-12-06,10,12,5,5,5,7.44,7.44,7.44,7,7,6.65,7.48,7.26,7.41,0,7.41,7.44,7,N,-0.405,0.54,5.533,3.509
168,sh.600208,2021-12-16,2021-11-29,17,6,0,1,1,2.86,2.97,2.97,2.97,2.77,2.77,2.98,2.9,2.87,1.742,2.92,2.97,2.97,N,-1.742,0.348,-1.742,-2.439
173,sh.600213,2021-12-16,2021-12-14,2,7,7,6,5,8.14,8.14,8.14,7.42,7.42,7.29,8.15,7.9,8.06,-0.993,7.98,8.14,7.42,N,-1.985,0.124,6.948,5.955
193,sh.600235,2021-12-16,2021-12-02,14,16,9,9,9,6.48,6.48,6.48,5.11,4.82,4.82,6.6,6.02,6.31,-1.109,6.24,6.48,5.11,N,-3.803,1.902,17.908,14.422
199,sh.600242,2021-12-16,2021-12-09,7,15,3,1,1,2.66,2.66,2.66,2.24,2.15,2.15,2.69,2.55,2.57,3.113,2.65,2.66,2.24,N,-0.389,1.167,15.953,12.062
203,sh.600249,2021-12-16,2021-12-10,6,11,5,5,5,5.19,5.19,5.19,4.76,4.76,4.48,5.22,5.02,5.06,1.976,5.16,5.19,4.76,N,-0.593,0.593,7.905,5.138
208,sh.600256,2021-12-16,2021-12-08,8,8,8,8,8,7.02,7.02,7.02,5.95,5.95,5.95,7.1,6.74,6.75,3.704,7,7.02,5.95,N,-0.296,1.185,15.556,11.704
209,sh.600257,2021-12-16,2021-12-15,1,16,5,5,5,7.04,7.04,7.04,6.03,6.03,5.71,7.42,6.98,7.04,-0.142,7.03,7.04,6.03,N,-0.142,5.398,14.205,13.494
218,sh.600268,2021-12-16,2021-12-15,1,13,9,9,8,11.88,11.88,11.88,10.8,10.8,8.81,11.94,11.53,11.88,-1.431,11.71,11.88,10.8,N,-1.431,0.505,7.66,6.145
226,sh.600278,2021-12-16,2021-12-07,9,8,1,1,1,7.75,7.75,7.75,7.52,7.47,7.47,7.76,7.7,7.72,0.259,7.74,7.75,7.52,N,-0.13,0.13,2.85,2.332
227,sh.600279,2021-12-16,2021-12-15,1,16,9,8,7,4.14,4.14,4.14,3.64,3.64,3.48,4.38,4.09,4.14,-1.208,4.09,4.14,3.64,N,-1.208,5.797,10.87,10.87
230,sh.600282,2021-12-16,2021-12-07,9,28,4,5,5,3.72,3.72,3.72,3.36,3.36,3.36,3.73,3.62,3.63,2.204,3.71,3.72,3.36,N,-0.275,0.275,9.642,7.163
248,sh.600303,2021-12-16,2021-12-15,1,16,7,8,8,4.81,4.81,4.81,3.82,3.82,3.82,4.88,4.7,4.81,-0.416,4.79,4.81,3.82,N,-0.416,1.455,20.166,18.295
254,sh.600310,2021-12-16,2021-12-15,1,19,8,8,8,5.91,5.91,5.91,4.88,4.88,4.88,6.04,5.8,5.91,-0.677,5.87,5.91,4.88,N,-0.677,2.2,16.751,15.567
256,sh.600312,2021-12-16,2021-12-15,1,5,8,8,6,9.06,9.06,9.06,7.86,7.45,7.45,9.35,8.83,9.06,-0.331,9.03,9.06,7.86,N,-0.331,3.201,12.914,10.706
281,sh.600343,2021-12-16,2021-12-08,8,12,6,5,6,10.8,10.8,10.8,9.89,9.52,9.52,10.88,10.65,10.72,0.28,10.75,10.8,9.89,N,-0.466,0.746,8.022,7.09
311,sh.600379,2021-12-16,2021-12-15,1,5,9,9,9,17.76,17.76,17.76,14.78,13.81,10.62,17.89,17.18,17.76,-1.689,17.46,17.76,14.78,N,-1.689,0.732,15.09,13.514
317,sh.600386,2021-12-16,2021-12-15,1,8,8,8,7,4.38,4.38,4.38,3.89,3.89,3.89,4.42,4.29,4.38,-0.228,4.37,4.38,3.89,N,-0.228,0.913,10.959,9.132
322,sh.600391,2021-12-16,2021-12-14,2,7,6,5,5,24.12,24.12,24.12,21.61,21.61,21.12,24.73,23.61,23.83,1.133,24.1,24.12,21.61,N,-0.084,2.56,10.449,8.393
329,sh.600399,2021-12-16,2021-12-07,9,7,-7,-7,8,22.89,22.89,25.35,25.35,25.35,19.34,25.38,24.1,24.23,0.619,24.38,25.35,25.35,N,-4.003,0.124,-4.003,-5.159
333,sh.600406,2021-12-16,2021-12-15,1,5,9,9,9,45.37,45.37,45.37,40.66,40.66,36.38,45.98,44.21,45.37,-0.617,45.09,45.37,40.66,N,-0.617,1.345,9.764,7.825
338,sh.600416,2021-12-16,2021-12-10,6,15,6,5,6,19.64,19.64,19.64,17.55,17.55,15.07,19.86,19.4,19.58,-0.306,19.52,19.64,17.55,N,-0.613,1.124,10.061,9.448
353,sh.600444,2021-12-16,2021-12-13,3,18,6,6,8,13.5,13.5,13.5,11.51,11.46,10,13.97,13.22,13.41,-1.417,13.22,13.5,11.51,N,-2.088,3.505,12.752,12.752
379,sh.600486,2021-12-16,2021-12-13,3,17,5,6,7,135,135,135,126.88,124.4,117.54,137.6,130,130.4,3.229,134.61,135,126.88,N,-0.299,1.994,5.928,2.393
395,sh.600505,2021-12-16,2021-12-15,1,13,9,7,6,9.47,9.47,9.47,8.4,7.72,7.72,9.55,9.27,9.47,-1.373,9.34,9.47,8.4,N,-1.373,0.845,9.926,9.187
409,sh.600520,2021-12-16,2021-12-09,7,6,-8,6,5,8.76,9.21,9.21,9.21,8.07,7.12,9.26,9.03,9.01,1.998,9.19,9.21,9.21,N,-0.222,0.555,-0.222,-1.998
412,sh.600523,2021-12-16,2021-12-15,1,8,9,9,9,21.9,21.9,21.9,18.72,18.72,17.94,22.3,20.62,21.9,-1.553,21.56,21.9,18.72,N,-1.553,1.826,12.968,8.676
434,sh.600550,2021-12-16,2021-12-15,1,8,8,6,5,5.43,5.43,5.43,4.9,4.9,4.36,5.5,5.33,5.43,-0.184,5.42,5.43,4.9,N,-0.184,1.289,9.576,7.919
441,sh.600559,2021-12-16,2021-12-14,2,18,8,8,8,32.95,32.95,32.95,22.81,22.49,20.71,33.8,31.85,32.25,0.93,32.55,32.95,22.81,N,-1.24,2.636,30.202,28.031
444,sh.600562,2021-12-16,2021-12-15,1,2,6,5,6,17.52,17.52,17.52,16.44,16.29,15.67,17.8,17.29,17.52,-0.114,17.5,17.52,16.44,N,-0.114,1.598,6.05,4.852
481,sh.600602,2021-12-16,2021-12-01,15,2,6,4,3,6.21,6.21,6.21,5.9,5.4,5.4,6.26,6.16,6.21,-0.161,6.2,6.21,5.9,N,-0.161,0.805,4.831,4.187
491,sh.600613,2021-12-16,2021-12-14,2,18,5,2,2,5.36,5.36,5.36,5.15,5.08,4.85,5.37,5.28,5.36,-0.56,5.33,5.36,5.15,N,-0.56,0.187,3.358,2.425
508,sh.600636,2021-12-16,2021-12-14,2,15,2,1,1,10.78,10.78,10.78,9.85,9.79,9.79,10.89,10.43,10.52,1.901,10.72,10.78,9.85,N,-0.57,1.046,8.27,5.513
517,sh.600645,2021-12-16,2021-12-16,0,9,4,-3,-4,23,20.74,20.74,20.74,23.3,23.3,23.58,22.39,22.99,0.043,23,23,23.3,Y,-1.305,1.218,0,-2.653
548,sh.600684,2021-12-16,2021-12-15,1,16,5,4,3,3.55,3.55,3.55,3.2,3.12,3.02,3.58,3.45,3.55,-1.408,3.5,3.55,3.2,N,-1.408,0.845,8.451,7.042
552,sh.600689,2021-12-16,2021-12-01,15,15,3,3,1,6.93,6.93,6.93,6.54,6.2,6.2,6.96,6.86,6.88,0.145,6.89,6.93,6.54,N,-0.581,0.436,5.087,4.651
560,sh.600697,2021-12-16,2021-12-15,1,16,1,1,1,12.2,12.2,12.2,11.62,11.62,11.32,12.25,12.11,12.2,-0.246,12.17,12.2,11.62,N,-0.246,0.41,4.508,4.016
561,sh.600698,2021-12-16,2021-12-14,2,18,9,9,9,6.48,6.48,6.48,3.17,3.17,2.88,6.49,5.6,6.03,2.322,6.17,6.48,3.17,N,-5.141,0.166,49.751,40.299
567,sh.600706,2021-12-16,2021-12-15,1,16,3,3,3,7.15,7.15,7.15,6.48,6.48,6.09,7.27,6.86,7.15,-1.259,7.06,7.15,6.48,N,-1.259,1.678,8.112,5.315
586,sh.600727,2021-12-16,2021-12-14,2,15,7,8,7,11.15,11.15,11.15,9.76,9.02,9.02,11.24,10.96,10.9,1.468,11.06,11.15,9.76,N,-0.826,0.826,11.927,11.009
591,sh.600732,2021-12-16,2021-12-13,3,11,9,9,9,26,26,26,21.21,21.21,20.02,26.15,25.05,25.32,1.738,25.76,26,21.21,N,-0.948,0.592,17.97,15.166
604,sh.600745,2021-12-16,2021-12-14,2,18,9,8,6,139.9,139.9,139.9,119.33,119.33,113.73,141.8,135.85,138.8,-0.735,137.78,139.9,119.33,N,-1.527,1.369,13.293,11.902
608,sh.600750,2021-12-16,2021-12-15,1,9,8,6,5,12.71,12.71,12.71,11.94,11.94,11.22,12.85,12.58,12.71,-0.079,12.7,12.71,11.94,N,-0.079,1.101,5.98,5.035
613,sh.600756,2021-12-16,2021-12-01,15,2,2,1,1,13.12,13.12,13.12,12.46,11.99,11.99,13.25,12.95,12.97,1.002,13.1,13.12,12.46,N,-0.154,1.002,4.934,3.778
618,sh.600761,2021-12-16,2021-12-15,1,16,5,5,5,13.65,13.65,13.65,11.59,11.59,11.19,13.71,13.27,13.65,-1.538,13.44,13.65,11.59,N,-1.538,0.44,13.553,12.308
621,sh.600765,2021-12-16,2021-11-29,17,13,9,9,9,50.6,50.6,50.6,44.16,41.88,36.96,50.82,48.52,49.37,-0.83,48.96,50.6,44.16,N,-3.322,0.446,9.723,8.831
626,sh.600770,2021-12-16,2021-12-15,1,16,8,7,7,6.75,6.75,6.75,5.5,5.5,5.29,6.83,6.6,6.75,-1.037,6.68,6.75,5.5,N,-1.037,1.185,17.481,16.296
648,sh.600795,2021-12-16,2021-12-15,1,15,8,8,8,2.98,2.98,2.98,2.54,2.45,2.45,3,2.93,2.98,-0.336,2.97,2.98,2.54,N,-0.336,0.671,14.43,13.087
680,sh.600830,2021-12-16,2021-12-01,15,13,7,5,5,5.65,5.65,5.65,4.85,4.58,4.58,5.74,5.37,5.4,2.963,5.56,5.65,4.85,N,-1.667,1.667,13.148,9.63
682,sh.600833,2021-12-16,2021-12-15,1,16,3,3,2,9.24,9.24,9.24,8.22,8.17,7.89,9.28,9,9.24,-0.433,9.2,9.24,8.22,N,-0.433,0.433,10.606,8.442
683,sh.600834,2021-12-16,2021-12-15,1,16,2,3,3,10.37,10.37,10.37,9.85,9.85,9.17,10.45,10.27,10.37,-0.482,10.32,10.37,9.85,N,-0.482,0.771,4.532,4.05
694,sh.600847,2021-12-16,2021-12-15,1,16,9,9,9,21.22,21.22,21.22,11.21,9.24,8.16,22.97,20.13,21.22,-1.744,20.85,21.22,11.21,N,-1.744,8.247,45.429,42.036
695,sh.600848,2021-12-16,2021-12-15,1,16,1,1,1,14.91,14.91,14.91,14.09,14.09,14.09,15,14.78,14.91,-0.134,14.89,14.91,14.09,N,-0.134,0.604,5.366,4.628
699,sh.600854,2021-12-16,2021-12-14,2,18,9,9,9,8.2,8.2,8.2,5.42,4.62,3.81,8.28,7.55,7.68,1.042,7.76,8.2,5.42,N,-5.729,1.042,30.469,27.734
700,sh.600855,2021-12-16,2021-12-15,1,16,7,5,4,15.15,15.15,15.15,12.85,12.52,12.49,15.69,14.56,15.15,-2.046,14.84,15.15,12.85,N,-2.046,3.564,13.135,11.287
719,sh.600874,2021-12-16,2021-12-09,7,10,5,3,2,6.69,6.69,6.69,6.28,6.28,6.04,6.75,6.64,6.68,0,6.68,6.69,6.28,N,-0.15,0.898,5.988,5.389
735,sh.600892,2021-12-16,2021-12-10,6,7,7,7,7,4.53,4.53,4.53,3.58,3.57,3.01,4.64,4.27,4.38,0.457,4.4,4.53,3.58,N,-2.968,2.511,18.721,15.753
736,sh.600893,2021-12-16,2021-12-03,13,8,5,6,7,65.6,65.6,65.6,60.57,60.15,58.67,66.48,64.05,64.31,1.415,65.22,65.6,60.57,N,-0.591,1.368,7.231,5.411
766,sh.600970,2021-12-16,2021-12-15,1,1,8,8,8,12.25,12.25,12.25,11.14,11.05,10.09,12.53,11.93,12.25,-1.633,12.05,12.25,11.14,N,-1.633,2.286,7.429,6.449
779,sh.600986,2021-12-16,2021-12-15,1,16,9,9,9,6.48,6.48,6.48,4.49,4.49,4.49,7,6.3,6.48,-1.852,6.36,6.48,4.49,N,-1.852,8.025,28.858,27.932
810,sh.601038,2021-12-16,2021-12-13,3,27,5,4,5,13.88,13.88,13.88,12.19,12.22,12.19,13.97,13.54,13.73,0.583,13.81,13.88,12.22,N,-0.51,0.655,11.58,9.614
812,sh.601066,2021-12-16,2021-12-09,7,9,1,1,2,30.52,30.52,30.52,28.03,27.88,27.88,30.57,30.09,30.3,0.264,30.38,30.52,28.03,N,-0.462,0.165,7.756,6.799
822,sh.601107,2021-12-16,2021-12-15,1,16,9,9,9,4.29,4.29,4.29,3.47,3.33,3.33,4.45,4.1,4.29,-0.466,4.27,4.29,3.47,N,-0.466,3.73,18.648,14.685
829,sh.601126,2021-12-16,2021-12-15,1,5,9,9,9,25.58,25.58,25.58,21.25,21.25,16.72,25.9,24.19,25.58,-3.636,24.65,25.58,21.25,N,-3.636,1.251,13.292,11.493
830,sh.601127,2021-12-16,2021-12-13,3,27,7,7,8,75.99,75.99,75.99,59.95,59.95,59.95,77.06,73.71,75.38,-1.114,74.54,75.99,59.95,N,-1.924,1.419,19.355,18.254
836,sh.601158,2021-12-16,2021-12-15,1,20,9,9,9,6.67,6.67,6.67,6.16,6.16,5.43,6.71,6.55,6.67,-0.75,6.62,6.67,6.16,N,-0.75,0.6,6.897,5.847
843,sh.601179,2021-12-16,2021-12-15,1,5,7,6,7,5.99,5.99,5.99,5.53,4.78,4.78,6.04,5.86,5.99,-1.002,5.93,5.99,5.53,N,-1.002,0.835,6.678,5.509
847,sh.601199,2021-12-16,2021-12-15,1,16,9,9,9,7.09,7.09,7.09,5.14,4.57,3.91,7.13,6.8,7.09,-2.68,6.9,7.09,5.14,N,-2.68,0.564,24.824,23.413
848,sh.601200,2021-12-16,2021-12-03,13,9,8,7,5,12.48,12.48,12.48,11.92,11.34,11.34,12.54,12.38,12.38,0.404,12.43,12.48,11.92,N,-0.404,0.485,4.12,3.716
876,sh.601366,2021-12-16,2021-12-14,2,18,1,2,2,6.12,6.12,6.12,5.96,5.96,5.89,6.14,6.09,6.11,0,6.11,6.12,5.96,N,-0.164,0.327,2.455,2.128
889,sh.601567,2021-12-16,2021-12-06,10,19,-7,7,7,14.32,16.03,16.03,16.03,12.09,12.09,16.28,15.63,15.95,-1.254,15.75,16.03,16.03,N,-1.755,1.567,-1.755,-2.508
899,sh.601607,2021-12-16,2021-12-15,1,15,1,2,1,18.84,18.84,18.84,18.4,17.98,17.98,18.9,18.66,18.84,-0.584,18.73,18.84,18.4,N,-0.584,0.318,1.752,1.38
900,sh.601608,2021-12-16,2021-12-14,2,6,-7,-7,8,4.6,4.6,4.9,4.9,4.9,4.26,4.93,4.77,4.82,0.622,4.85,4.9,4.9,N,-1.037,0.622,-1.037,-2.697
933,sh.601828,2021-12-16,2021-12-09,7,10,1,1,1,8.91,8.91,8.91,8.4,8.4,8.4,8.94,8.7,8.74,0.915,8.82,8.91,8.4,N,-1.03,0.343,4.805,3.432
972,sh.601990,2021-12-16,2021-12-10,6,10,2,1,1,10.09,10.09,10.09,9.52,9.5,9.5,10.12,10.02,10.07,0,10.07,10.09,9.52,N,-0.199,0.298,5.462,4.965
993,sh.603016,2021-12-16,2021-12-15,1,8,3,2,2,23.6,23.6,23.6,21.1,21.1,21.1,23.8,23.18,23.6,-0.847,23.4,23.6,21.1,N,-0.847,0.847,9.746,8.814
995,sh.603018,2021-12-16,2021-12-15,1,16,3,3,4,8.97,8.97,8.97,7.28,7.09,6.78,9.07,8.8,8.97,-0.334,8.94,8.97,7.28,N,-0.334,1.115,18.506,16.945
1003,sh.603028,2021-12-16,2021-12-15,1,8,9,9,9,15.55,15.55,15.55,12.72,12.72,11.17,15.7,14.99,15.55,-2.186,15.21,15.55,12.72,N,-2.186,0.965,16.013,14.598
1026,sh.603066,2021-12-16,2021-12-14,2,7,6,4,3,8.98,8.98,8.98,8.17,8.17,7.4,8.99,8.82,8.91,-0.337,8.88,8.98,8.17,N,-1.122,0.112,7.969,7.295
1057,sh.603117,2021-12-16,2021-12-14,2,15,9,7,7,3.93,3.93,3.93,3.47,3.47,3.37,3.96,3.76,3.84,1.042,3.88,3.93,3.47,N,-1.302,0.781,10.677,7.552
1088,sh.603186,2021-12-16,2021-12-07,9,7,-7,-6,3,38.05,38.05,42.92,42.92,42.92,36.01,43,41.7,42.39,-1.038,41.95,42.92,42.92,N,-2.288,0.189,-2.288,-2.878
1113,sh.603236,2021-12-16,2021-12-03,13,16,4,3,-2,200.7,200.7,149.15,181.77,180.19,172.69,202.8,196.23,199,0.005,199.01,200.7,181.77,N,-0.849,1.055,8.663,7.266
1117,sh.603258,2021-12-16,2021-12-16,0,9,5,4,4,30.57,30.57,30.79,26.49,26.49,21.5,31.52,28.56,28.86,5.925,30.57,30.79,26.49,Y,-0.762,2.529,14.137,7.173
1120,sh.603266,2021-12-16,2021-12-14,2,7,8,7,6,13.4,13.4,13.4,11.98,11.72,10.66,13.85,12.54,12.85,4.047,13.37,13.4,11.98,N,-0.233,3.502,10.817,4.358
1130,sh.603289,2021-12-16,2021-12-07,9,6,-6,5,5,9.18,9.78,9.78,9.78,8.16,8.16,9.89,9.62,9.52,1.996,9.71,9.78,9.78,N,-0.735,1.155,-0.735,-1.681
1149,sh.603321,2021-12-16,2021-12-15,1,16,2,1,1,6.96,6.96,6.96,6.7,6.7,6.3,7.03,6.91,6.96,-0.144,6.95,6.96,6.7,N,-0.144,1.006,3.592,3.017
1153,sh.603327,2021-12-16,2021-12-16,0,13,4,2,-1,17.21,17.21,14.4,15.52,15.52,17.79,18.36,16.74,16.71,2.992,17.21,17.21,17.79,Y,-3.471,3.411,0,-2.813
1158,sh.603332,2021-12-16,2021-12-08,8,7,-1,1,1,15.79,16.54,16.54,16.54,14.43,14.43,16.57,16.15,16.16,1.238,16.36,16.54,16.54,N,-1.114,0.186,-1.114,-2.413
1159,sh.603333,2021-12-16,2021-12-16,0,16,7,8,7,9.51,9.61,9.61,8.75,6.46,5.53,9.75,9.24,9.27,2.589,9.51,9.61,8.75,Y,-1.079,1.51,8.198,5.286
1166,sh.603348,2021-12-16,2021-12-15,1,8,9,9,9,54.05,54.05,54.05,50.09,45.67,43.35,56.01,51.22,54.05,-2.331,52.79,54.05,50.09,N,-2.331,3.626,4.995,2.091
1188,sh.603388,2021-12-16,2021-12-15,1,15,9,9,9,8.65,8.65,8.65,7.6,7.49,7.09,8.89,8.35,8.65,-1.85,8.49,8.65,7.6,N,-1.85,2.775,10.289,8.671
1207,sh.603501,2021-12-16,2021-12-08,8,20,7,6,7,309.99,309.99,309.99,264.64,264.64,264.64,314.66,303.01,303,0.488,304.48,309.99,264.64,N,-1.818,1.541,13.149,12.663
1226,sh.603556,2021-12-16,2021-12-15,1,6,7,5,4,14.64,14.64,14.64,13.7,13.7,12.57,14.77,14.35,14.64,-1.776,14.38,14.64,13.7,N,-1.776,0.888,4.645,4.44
1233,sh.603569,2021-12-16,2021-12-14,2,8,6,4,3,7.8,7.8,7.8,6.41,6.41,6.17,8.1,7.25,7.36,4.755,7.71,7.8,6.41,N,-1.223,4.076,17.663,11.413
1247,sh.603598,2021-12-16,2021-12-14,2,15,3,4,3,11.01,11.01,11.01,8.47,8.47,8.13,11.2,10.7,10.83,0.092,10.84,11.01,8.47,N,-1.57,1.754,21.884,20.591
1252,sh.603603,2021-12-16,2021-12-16,0,13,7,-6,4,7.15,6.68,7.41,6.68,7.41,5.49,7.44,7.06,7.06,1.275,7.15,7.41,7.41,Y,-3.683,0.425,-3.683,-4.958
1274,sh.603639,2021-12-16,2021-12-15,1,9,-5,6,6,23.9,24.98,24.98,24.98,20.75,16.99,25.17,23.85,23.9,4.017,24.86,24.98,24.98,N,-0.502,0.795,-0.502,-4.728
1287,sh.603666,2021-12-16,2021-12-10,6,11,-2,-2,3,70.7,70.7,82.15,82.15,82.15,55.8,82.28,77.99,81,-1.444,79.83,82.15,82.15,N,-2.864,0.16,-2.864,-5.136
1289,sh.603668,2021-12-16,2021-12-15,1,13,9,7,6,10.73,10.73,10.73,7.63,7.63,7.63,11.33,10.59,10.73,-0.746,10.65,10.73,7.63,N,-0.746,5.592,28.145,27.586
1290,sh.603669,2021-12-16,2021-12-14,2,13,7,7,7,10.27,10.27,10.27,8.32,8.19,7.91,10.58,10.14,10.16,0.689,10.23,10.27,8.32,N,-0.394,3.051,18.799,17.913
1291,sh.603676,2021-12-16,2021-12-14,2,7,4,2,3,8.61,8.61,8.61,8.25,8.25,7.91,8.62,8.51,8.55,0.234,8.57,8.61,8.25,N,-0.468,0.117,3.743,3.041
1341,sh.603776,2021-12-16,2021-12-13,3,18,4,5,4,20.29,20.29,20.29,17.4,17.4,15.21,20.3,19.55,19.71,2.435,20.19,20.29,17.4,N,-0.507,0.051,14.155,10.908
1350,sh.603798,2021-12-16,2021-12-13,3,6,9,9,9,12.99,12.99,12.99,11.09,11.09,9.54,13,12.19,12.24,4.575,12.8,12.99,11.09,N,-1.552,0.082,13.971,8.987
1353,sh.603801,2021-12-16,2021-12-09,7,6,3,3,3,27.5,27.5,27.5,20.95,20.95,19.36,27.75,26.3,26.55,2.185,27.13,27.5,20.95,N,-1.394,0.942,23.277,20.151
1382,sh.603863,2021-12-16,2021-12-15,1,16,5,4,0,9.78,9.78,7.71,8.68,8.68,8.48,9.8,9.48,9.78,-2.965,9.49,9.78,8.68,N,-2.965,0.204,8.282,8.18
1409,sh.603903,2021-12-16,2021-12-01,15,7,4,2,3,11.19,11.19,11.19,10.54,9.35,9.35,11.25,10.81,10.83,2.678,11.12,11.19,10.54,N,-0.646,0.554,5.355,2.493
1430,sh.603956,2021-12-16,2021-12-14,2,7,4,2,2,17.85,17.85,17.85,16,16,15.03,17.9,17.66,17.66,0.963,17.83,17.85,16,N,-0.113,0.283,10.362,9.4
1434,sh.603963,2021-12-16,2021-12-01,15,15,1,1,1,7.17,7.17,7.17,6.93,6.59,6.59,7.21,7.14,7.15,0,7.15,7.17,6.93,N,-0.28,0.559,3.077,2.937
1441,sh.603977,2021-12-16,2021-12-15,1,30,8,8,8,11.42,11.42,11.42,9.45,9.77,9.45,11.58,11.13,11.42,-1.051,11.3,11.42,9.77,N,-1.051,1.401,13.398,11.909
1444,sh.603980,2021-12-16,2021-12-14,2,15,2,1,1,6.33,6.33,6.33,6.02,6.02,5.91,6.34,6.26,6.27,0,6.27,6.33,6.02,N,-0.957,0.159,3.987,3.828
1447,sh.603985,2021-12-16,2021-12-15,1,8,8,8,-8,53.86,53.86,46.4,46.4,46.4,54.41,55.5,52.5,53.86,-1.411,53.1,53.86,54.41,N,-2.432,2.024,-1.411,-2.525
1452,sh.603990,2021-12-16,2021-12-15,1,8,1,1,1,20.76,20.76,20.76,18.14,17.37,17.37,20.86,20.39,20.76,-0.53,20.65,20.76,18.14,N,-0.53,0.482,12.091,10.838
1476,sz.000021,2021-12-16,2021-12-15,1,16,2,1,2,16.51,16.51,16.51,15.31,15.31,15.31,16.73,16.4,16.51,-0.061,16.5,16.51,15.31,N,-0.061,1.333,7.208,6.602
1478,sz.000025,2021-12-16,2021-12-03,13,15,3,1,1,15.17,15.17,15.17,14.41,13.92,13.92,15.24,14.99,15.09,-0.464,15.02,15.17,14.41,N,-0.994,0.464,4.042,3.844
1484,sz.000031,2021-12-16,2021-12-15,1,16,1,2,1,3.59,3.59,3.59,3.32,3.32,3.24,3.62,3.55,3.59,-0.836,3.56,3.59,3.32,N,-0.836,0.836,6.685,6.407
1487,sz.000035,2021-12-16,2021-12-14,2,4,9,9,7,5.89,5.89,5.89,5.29,5.29,4.62,5.98,5.78,5.89,-1.019,5.83,5.89,5.29,N,-1.019,1.528,9.168,8.319
1498,sz.000050,2021-12-16,2021-12-14,2,15,1,1,1,13.17,13.17,13.17,12.35,12.35,12.06,13.22,12.99,13.08,-0.076,13.07,13.17,12.35,N,-0.765,0.382,5.505,4.893
1520,sz.000151,2021-12-16,2021-12-15,1,16,5,4,2,8.14,8.14,8.14,7.65,7.65,7.53,8.17,8.06,8.14,-0.246,8.12,8.14,7.65,N,-0.246,0.369,5.774,5.037
1531,sz.000400,2021-12-16,2021-12-15,1,6,9,9,9,31.78,31.78,31.78,25.54,24.75,17.3,31.94,30.22,31.78,-3.398,30.7,31.78,25.54,N,-3.398,0.503,16.237,14.726
1540,sz.000411,2021-12-16,2021-12-15,1,9,6,5,5,15.6,15.6,15.6,12.45,12.45,12.45,16.52,14.9,15.6,-2.756,15.17,15.6,12.45,N,-2.756,5.897,17.436,15.705
1568,sz.000516,2021-12-16,2021-12-09,7,20,3,4,5,12.03,12.03,12.03,10.61,10.61,10.61,12.04,11.75,11.93,-0.587,11.86,12.03,10.61,N,-1.425,0.084,10.478,9.556
1584,sz.000534,2021-12-16,2021-12-14,2,18,9,9,9,18.72,18.72,18.72,15.91,15.85,12.94,19.05,18.26,18.52,-0.81,18.37,18.72,15.91,N,-1.89,1.782,13.283,12.689
1586,sz.000537,2021-12-16,2021-12-15,1,13,9,9,9,28.3,28.3,28.3,19.1,19.1,15.54,28.39,26.04,28.3,-5.972,26.61,28.3,19.1,N,-5.972,0.318,26.537,24.523
1602,sz.000555,2021-12-16,2021-12-01,15,34,1,1,1,12.5,12.5,12.5,11.07,11.07,11.07,12.72,12.44,12.37,0.97,12.49,12.5,11.07,N,-0.081,1.778,11.479,11.075
1620,sz.000582,2021-12-16,2021-12-15,1,16,1,1,1,8.14,8.14,8.14,7.64,7.64,7.37,8.25,7.97,8.14,-0.123,8.13,8.14,7.64,N,-0.123,1.351,6.02,4.054
1636,sz.000601,2021-12-16,2021-12-09,7,10,2,1,1,5.2,5.2,5.2,4.77,4.76,4.76,5.25,5.11,5.18,-0.193,5.17,5.2,4.77,N,-0.579,0.965,7.722,6.564
1653,sz.000623,2021-12-16,2021-12-09,7,10,6,5,5,17.5,17.5,17.5,16.41,16.35,15.78,17.53,17.24,17.26,0.985,17.43,17.5,16.41,N,-0.406,0.174,5.91,4.809
1663,sz.000635,2021-12-16,2021-12-02,14,27,7,7,8,13.28,13.28,13.28,10.07,10.07,10.07,13.3,12.73,12.83,3.274,13.25,13.28,10.07,N,-0.234,0.156,24.786,20.733
1670,sz.000652,2021-12-16,2021-11-30,16,12,1,1,2,4.11,4.11,4.11,3.96,3.88,3.88,4.12,4.05,4.07,0.737,4.1,4.11,3.96,N,-0.246,0.246,3.44,2.211
1674,sz.000659,2021-12-16,2021-12-15,1,9,7,7,8,4.78,4.78,4.78,4.02,4.02,4,4.85,4.59,4.78,-2.51,4.66,4.78,4.02,N,-2.51,1.464,13.389,11.925
1686,sz.000676,2021-12-16,2021-12-15,1,13,7,6,4,7.88,7.88,7.88,6.78,6.78,6.78,8.01,7.63,7.88,-1.396,7.77,7.88,6.78,N,-1.396,1.65,12.563,10.787
1692,sz.000682,2021-12-16,2021-12-15,1,16,9,9,9,9.08,9.08,9.08,7,6.83,5.96,9.76,9.02,9.08,-0.11,9.07,9.08,7,N,-0.11,7.489,22.797,22.247
1698,sz.000690,2021-12-16,2021-12-13,3,17,4,3,5,6.19,6.19,6.19,5.35,5.21,5.21,6.25,6.01,6.19,-1.131,6.12,6.19,5.35,N,-1.131,0.969,12.439,10.662
1742,sz.000755,2021-12-16,2021-12-15,1,16,9,9,9,5.04,5.04,5.04,3.87,3.87,3.5,5.15,4.86,5.04,-1.587,4.96,5.04,3.87,N,-1.587,2.183,21.627,19.643
1746,sz.000759,2021-12-16,2021-12-08,8,33,1,1,1,4.97,4.97,4.97,4.64,4.64,4.64,4.98,4.9,4.9,1.02,4.95,4.97,4.64,N,-0.408,0.204,6.327,5.306
1763,sz.000789,2021-12-16,2021-12-09,7,10,2,2,2,12.19,12.19,12.19,11.15,11.15,11.15,12.22,11.96,11.94,2.01,12.18,12.19,11.15,N,-0.084,0.251,8.626,6.784
1765,sz.000791,2021-12-16,2021-12-07,9,26,9,9,9,7.43,7.43,7.43,5.27,5.27,5.27,7.45,7.22,7.39,-1.083,7.31,7.43,5.27,N,-1.624,0.271,27.605,26.387
1768,sz.000795,2021-12-16,2021-12-01,15,16,9,9,9,10.46,10.46,10.46,5.52,5.4,5.07,10.69,9.47,9.72,-1.749,9.55,10.46,5.52,N,-9.362,2.366,41.461,40.638
1774,sz.000801,2021-12-16,2021-12-15,1,8,9,9,9,8.91,8.91,8.91,7.61,7.61,7.61,8.99,8.69,8.91,-0.449,8.87,8.91,7.61,N,-0.449,0.898,14.141,12.121
1776,sz.000803,2021-12-16,2021-12-15,1,20,9,9,9,24.13,24.13,24.13,19.6,19.6,19.6,24.81,23.75,24.13,-0.332,24.05,24.13,19.6,N,-0.332,2.818,18.442,17.199
1780,sz.000810,2021-12-16,2021-12-13,3,6,6,5,4,9.39,9.39,9.39,8.43,8.43,7.92,9.56,9.04,9.1,3.077,9.38,9.39,8.43,N,-0.11,1.868,10.44,6.703
1781,sz.000811,2021-12-16,2021-12-10,6,8,-8,9,9,12.93,14.92,14.92,14.92,12.64,12.46,15.13,13.72,14.17,4.446,14.8,14.92,14.92,N,-0.847,1.482,-0.847,-8.469
1784,sz.000815,2021-12-16,2021-12-15,1,8,7,6,4,6.6,6.6,6.6,5.92,5.92,5.34,6.65,6.49,6.6,-0.152,6.59,6.6,5.92,N,-0.152,0.758,10.152,8.636
1793,sz.000826,2021-12-16,2021-12-15,1,5,1,1,1,4.56,4.61,4.61,4.36,3.78,3.78,4.67,4.54,4.56,0,4.56,4.61,4.36,N,-1.096,1.316,4.386,3.947
1810,sz.000859,2021-12-16,2021-12-03,13,15,7,8,6,6.75,6.75,6.75,5.97,5.58,5.58,6.77,6.63,6.71,0.149,6.72,6.75,5.97,N,-0.447,0.298,11.177,9.836
1812,sz.000861,2021-12-16,2021-12-15,1,16,9,7,7,3.48,3.48,3.48,2.89,2.54,1.97,3.52,3.3,3.48,-3.736,3.35,3.48,2.89,N,-3.736,1.149,13.218,11.782
1817,sz.000875,2021-12-16,2021-12-15,1,16,9,9,9,8.94,8.94,8.94,7.13,6.31,6.31,9.05,8.68,8.94,-1.342,8.82,8.94,7.13,N,-1.342,1.23,18.904,17.338
1836,sz.000899,2021-12-16,2021-12-15,1,15,6,5,6,5.91,5.91,5.91,5.05,4.99,4.99,5.97,5.82,5.91,-0.338,5.89,5.91,5.05,N,-0.338,1.015,14.213,13.029
1852,sz.000919,2021-12-16,2021-12-14,2,8,4,4,2,6.98,6.98,6.98,6.73,6.73,6.39,7,6.93,6.96,-0.144,6.95,6.98,6.73,N,-0.431,0.287,3.161,2.874
1872,sz.000950,2021-12-16,2021-12-01,15,29,1,1,1,4.81,4.81,4.81,4.69,4.69,4.69,4.82,4.76,4.81,-0.208,4.8,4.81,4.69,N,-0.208,0.208,2.287,1.455
1875,sz.000953,2021-12-16,2021-12-13,3,6,2,1,2,4.84,4.84,4.84,4.52,4.52,4.2,4.85,4.72,4.8,0.625,4.83,4.84,4.52,N,-0.208,0.208,6.458,4.167
1885,sz.000966,2021-12-16,2021-12-15,1,29,4,6,6,8.07,8.07,8.07,7.31,7.06,7.06,8.2,8.02,8.07,-0.248,8.05,8.07,7.31,N,-0.248,1.611,9.17,8.798
1895,sz.000977,2021-12-16,2021-12-15,1,8,9,7,6,35.23,35.23,35.23,32.32,32.32,30.6,35.32,34.72,35.23,-0.369,35.1,35.23,32.32,N,-0.369,0.255,7.891,6.812
1907,sz.000995,2021-12-16,2021-12-15,1,15,5,5,6,28.53,28.53,28.53,23.13,22.52,22.52,29.1,27.4,28.53,-3.54,27.52,28.53,23.13,N,-3.54,1.998,15.387,14.967
1932,sz.002016,2021-12-16,2021-12-15,1,16,3,1,1,5.8,5.8,5.8,4.9,4.9,4.81,5.9,5.65,5.8,-2.069,5.68,5.8,4.9,N,-2.069,1.724,13.448,12.931
1943,sz.002028,2021-12-16,2021-12-15,1,5,9,9,9,57.5,57.5,57.5,49.6,49.4,39.41,57.8,55.09,57.5,-2.348,56.15,57.5,49.6,N,-2.348,0.522,11.391,9.548
1954,sz.002039,2021-12-16,2021-12-09,7,28,7,8,8,22.13,22.13,22.13,17.18,17.18,17.18,23,20.66,21.16,3.875,21.98,22.13,17.18,N,-0.709,4.112,22.684,16.446
1960,sz.002045,2021-12-16,2021-12-16,0,9,7,7,9,14.73,14.73,15.3,12.64,12.64,10.39,15.36,14.61,14.61,0.821,14.73,15.3,12.64,Y,-3.901,0.411,14.305,13.484
1968,sz.002053,2021-12-16,2021-12-15,1,16,6,7,7,9.2,9.2,9.2,8.56,8.55,8.15,9.37,9.06,9.2,-0.217,9.18,9.2,8.56,N,-0.217,1.848,6.739,5.435
1972,sz.002057,2021-12-16,2021-12-07,9,8,-8,-8,8,8.27,8.27,9.47,9.47,9.47,6.74,9.75,9.23,9.45,-0.423,9.41,9.47,9.47,N,-0.635,2.963,-0.635,-2.54
1974,sz.002059,2021-12-16,2021-12-15,1,16,3,4,2,5.05,5.05,5.05,4.72,4.72,4.6,5.09,4.95,5.05,-1.188,4.99,5.05,4.72,N,-1.188,0.792,5.347,4.554
1975,sz.002060,2021-12-16,2021-12-15,1,16,8,8,8,5.92,5.92,5.92,5.29,4.62,4.58,6.02,5.82,5.92,-0.676,5.88,5.92,5.29,N,-0.676,1.689,9.966,8.953
1978,sz.002063,2021-12-16,2021-12-15,1,8,9,7,5,9.87,9.87,9.87,8.18,7.77,6.79,10.08,9.62,9.87,-0.507,9.82,9.87,8.18,N,-0.507,2.128,16.616,14.59
1982,sz.002067,2021-12-16,2021-12-02,14,3,5,6,6,4.04,4.04,4.04,3.76,3.67,3.67,4.07,4,4.03,-0.496,4.01,4.04,3.76,N,-0.744,0.744,6.203,5.955
1983,sz.002068,2021-12-16,2021-12-15,1,16,9,9,9,10.33,10.33,10.33,8.42,7.22,5.78,10.66,10,10.33,-0.097,10.32,10.33,8.42,N,-0.097,3.195,18.393,15.295
1991,sz.002077,2021-12-16,2021-12-07,9,12,-6,-7,7,7.1,7.1,7.75,7.75,7.75,6.47,7.9,7.41,7.29,4.115,7.59,7.75,7.75,N,-2.195,2.058,-2.195,-4.664
2018,sz.002104,2021-12-16,2021-11-30,16,8,4,4,2,6.48,6.48,6.48,5.99,5.44,5.44,6.56,6.37,6.45,-0.775,6.4,6.48,5.99,N,-1.24,1.24,6.357,5.891
2026,sz.002112,2021-12-16,2021-12-15,1,8,6,5,4,8.53,8.53,8.53,7.23,7.23,6.6,9.1,8.19,8.53,-2.345,8.33,8.53,7.23,N,-2.345,6.682,12.896,11.254
2063,sz.002150,2021-12-16,2021-12-01,15,2,5,4,4,6.33,6.33,6.33,5.97,5.91,5.32,6.34,6.24,6.28,0.478,6.31,6.33,5.97,N,-0.318,0.159,5.414,4.299
2065,sz.002152,2021-12-16,2021-12-14,2,26,4,4,5,11.76,11.76,11.76,10.52,10.66,10.52,11.79,11.62,11.72,-0.341,11.68,11.76,10.66,N,-0.683,0.256,8.703,8.191
2083,sz.002170,2021-12-16,2021-12-16,0,2,8,9,9,8.09,8.12,8.12,7.5,6.75,5.93,8.25,7.61,7.6,6.447,8.09,8.12,7.5,Y,-0.395,1.711,7.763,1.447
2090,sz.002177,2021-12-16,2021-12-14,2,8,6,7,6,6.87,6.87,6.87,6.31,5.6,5.59,6.95,6.68,6.86,-1.312,6.77,6.87,6.31,N,-1.458,1.166,6.706,5.394
2093,sz.002180,2021-12-16,2021-12-09,7,14,9,9,9,48.15,48.15,48.15,42.62,36.3,35.14,48.78,46.67,47.43,-0.485,47.2,48.15,42.62,N,-2.003,1.328,9.656,8.539
2095,sz.002182,2021-12-16,2021-12-10,6,16,8,8,8,24.26,24.26,24.26,21.12,16.09,16.09,24.38,23.39,24.07,-0.831,23.87,24.26,21.12,N,-1.62,0.499,11.425,9.431
2102,sz.002189,2021-12-16,2021-12-09,7,13,9,8,7,23.7,23.7,23.7,20.58,20.5,19.86,24.06,23.02,22.98,2.959,23.66,23.7,20.58,N,-0.174,1.567,13.403,10.618
2153,sz.002241,2021-12-16,2021-12-13,3,17,9,9,9,57.4,57.4,57.4,51.73,51.73,47,57.74,56.4,56.7,1.164,57.36,57.4,51.73,N,-0.071,0.6,9.929,8.236
2158,sz.002246,2021-12-16,2021-12-14,2,15,8,7,6,8.12,8.12,8.12,7,7,6.46,8.15,7.8,7.86,0.763,7.92,8.12,7,N,-2.545,0.382,11.705,10.178
2167,sz.002255,2021-12-16,2021-12-16,0,9,8,8,9,6.92,6.92,7,6.16,6.16,5.57,7.05,6.47,6.51,6.298,6.92,7,6.16,Y,-1.229,0.768,11.674,4.762
2194,sz.002284,2021-12-16,2021-12-02,14,14,9,9,9,10.44,10.44,10.44,8,6.52,6.52,10.47,9.97,10.43,-4.027,10.01,10.44,8,N,-4.123,0.288,19.271,18.888
2211,sz.002301,2021-12-16,2021-12-15,1,16,3,3,1,8.48,8.48,8.48,6.84,6.84,6.48,8.89,8.26,8.48,-0.354,8.45,8.48,6.84,N,-0.354,4.835,18.986,16.745
2216,sz.002306,2021-12-16,2021-12-15,1,16,7,6,7,3.35,3.35,3.35,2.71,2.71,2.71,3.38,3.27,3.35,-1.791,3.29,3.35,2.71,N,-1.791,0.896,17.313,16.716
2226,sz.002316,2021-12-16,2021-12-15,1,5,2,2,1,4.26,4.31,4.31,3.94,3.58,3.58,4.43,4.18,4.26,-1.408,4.2,4.31,3.94,N,-2.582,2.817,6.103,5.634
2230,sz.002320,2021-12-16,2021-12-14,2,15,1,2,1,6.19,6.19,6.19,5.75,5.75,5.46,6.23,6.05,6.18,-1.133,6.11,6.19,5.75,N,-1.294,0.647,5.825,4.854
2249,sz.002339,2021-12-16,2021-12-15,1,8,9,9,8,7.99,7.99,7.99,7.22,6.67,6.67,8.1,7.85,7.99,-1.001,7.91,7.99,7.22,N,-1.001,1.377,8.636,7.885
2258,sz.002348,2021-12-16,2021-12-15,1,16,1,1,1,2.15,2.15,2.15,1.99,1.98,1.91,2.17,2.13,2.15,-0.93,2.13,2.15,1.99,N,-0.93,0.93,6.512,6.512
2264,sz.002354,2021-12-16,2021-12-15,1,16,9,9,9,5.23,5.23,5.23,3.23,3.23,3.23,5.45,4.88,5.23,-1.912,5.13,5.23,3.23,N,-1.912,4.207,36.329,31.549
2272,sz.002362,2021-12-16,2021-12-14,2,7,1,1,2,16.78,16.78,16.78,15.62,15.62,15,16.83,16.51,16.59,0.663,16.7,16.78,15.62,N,-0.482,0.301,6.51,5.365
2294,sz.002384,2021-12-16,2021-12-15,1,9,6,5,5,27.18,27.18,27.18,23.14,23.14,23.14,27.68,26.5,27.18,-1.104,26.88,27.18,23.14,N,-1.104,1.84,13.76,12.362
2297,sz.002387,2021-12-16,2021-12-15,1,8,2,1,1,9.4,9.4,9.4,8.52,8.49,7.72,9.5,9.24,9.4,-0.957,9.31,9.4,8.52,N,-0.957,1.064,8.404,7.66
2299,sz.002389,2021-12-16,2021-12-15,1,21,7,7,7,28.6,28.6,28.6,23.26,23.26,23.26,28.8,27.94,28.6,-1.469,28.18,28.6,23.26,N,-1.469,0.699,17.203,16.364
2310,sz.002400,2021-12-16,2021-12-15,1,19,3,3,3,5.09,5.09,5.09,4.56,4.56,4.56,5.11,4.93,5.09,-0.589,5.06,5.09,4.56,N,-0.589,0.393,9.823,7.269
2318,sz.002408,2021-12-16,2021-12-13,3,24,5,6,7,10.82,10.82,10.82,8.64,8.64,8.64,10.86,10.6,10.81,-0.555,10.75,10.82,8.64,N,-0.648,0.37,19.519,18.131
2349,sz.002439,2021-12-16,2021-12-03,13,4,2,1,1,30.17,30.17,30.17,27.73,27.73,24.52,30.49,29.38,29.54,1.862,30.09,30.17,27.73,N,-0.271,1.083,7.989,5.586
2355,sz.002445,2021-12-16,2021-12-02,14,16,9,9,9,3.14,3.14,3.14,2.64,2.42,2.42,3.15,2.92,2.96,3.716,3.07,3.14,2.64,N,-2.365,0.338,14.527,9.459
2362,sz.002452,2021-12-16,2021-12-15,1,5,9,9,9,11.34,11.34,11.34,10.35,9.05,8.47,11.36,10.8,11.34,-4.586,10.82,11.34,10.35,N,-4.586,0.176,4.145,3.968
2372,sz.002462,2021-12-16,2021-12-15,1,9,2,1,1,13.04,13.04,13.04,12.26,12.22,11.91,13.09,12.87,13.04,-0.613,12.96,13.04,12.26,N,-0.613,0.383,5.368,4.678
2385,sz.002475,2021-12-16,2021-12-13,3,11,4,4,4,46.66,46.66,46.66,38.63,38.63,38.63,46.78,45.45,45.37,2.623,46.56,46.66,38.63,N,-0.22,0.264,17.479,15.032
2388,sz.002479,2021-12-16,2021-12-15,1,16,2,2,1,6.04,6.04,6.04,5.48,5.47,5.3,6.09,5.95,6.04,-0.497,6.01,6.04,5.48,N,-0.497,0.828,8.775,7.781
2422,sz.002514,2021-12-16,2021-12-15,1,6,9,9,7,5.35,5.35,5.35,4.76,4.42,3.9,5.39,5.19,5.35,-2.243,5.23,5.35,4.76,N,-2.243,0.748,8.785,8.037
2424,sz.002516,2021-12-16,2021-12-13,3,11,-7,-7,-8,5.56,5.56,5.56,6.38,6.38,6.38,6.46,6.07,6.03,1.493,6.12,5.56,6.38,N,-4.312,1.327,9.287,8.458
2436,sz.002529,2021-12-16,2021-12-15,1,16,9,9,9,34.4,34.4,34.4,27.44,27.44,27.44,35.76,33.3,34.4,-0.581,34.2,34.4,27.44,N,-0.581,3.953,19.651,17.035
2438,sz.002531,2021-12-16,2021-12-15,1,21,8,8,8,21.28,21.28,21.28,18.4,18.4,18.4,21.48,20.65,21.28,-1.692,20.92,21.28,18.4,N,-1.692,0.94,11.842,10.573
2467,sz.002560,2021-12-16,2021-12-07,9,15,-2,-1,2,5.62,5.62,6.13,6.13,6.13,5.21,6.2,6.05,6.11,0,6.11,6.13,6.13,N,-0.327,1.146,-0.327,-1.309
2488,sz.002581,2021-12-16,2021-12-15,1,16,8,6,5,23.45,23.45,23.45,18.19,14.21,14.21,25.68,22.35,23.45,-3.71,22.58,23.45,18.19,N,-3.71,9.51,18.721,17.74
2492,sz.002585,2021-12-16,2021-12-14,2,6,9,9,9,29.86,29.86,29.86,26.35,26.35,22.47,30.18,29.11,29.56,-0.169,29.51,29.86,26.35,N,-1.184,1.083,10.69,9.337
2496,sz.002589,2021-12-16,2021-12-15,1,9,1,1,1,3.64,3.64,3.64,3.49,3.49,3.37,3.66,3.6,3.64,-0.275,3.63,3.64,3.49,N,-0.275,0.549,3.846,3.022
2529,sz.002624,2021-12-16,2021-12-14,2,12,3,3,3,22.38,22.38,22.38,18.58,18.58,18.58,22.48,21.18,21.76,0.414,21.85,22.38,18.58,N,-2.436,0.46,15.028,11.949
2539,sz.002635,2021-12-16,2021-12-14,2,7,7,5,4,17.83,17.83,17.83,14.93,14.93,14.93,18.09,17.24,17.54,-1.14,17.34,17.83,14.93,N,-2.794,1.482,13.74,13.17
2548,sz.002644,2021-12-16,2021-11-30,16,12,2,2,1,7.42,7.42,7.42,7.1,6.9,6.9,7.44,7.36,7.38,0.271,7.4,7.42,7.1,N,-0.271,0.271,4.065,3.523
2550,sz.002646,2021-12-16,2021-12-15,1,9,6,5,6,22.13,22.13,22.13,19.91,19.27,18.39,22.37,21.54,22.13,-2.576,21.56,22.13,19.91,N,-2.576,1.085,7.456,7.366
2558,sz.002654,2021-12-16,2021-12-15,1,16,7,5,5,4.27,4.27,4.27,3.49,3.49,3.26,4.49,4.14,4.27,-1.171,4.22,4.27,3.49,N,-1.171,5.152,17.096,15.222
2564,sz.002660,2021-12-16,2021-12-10,6,3,6,4,4,8.36,8.36,8.36,7.59,7.59,6.7,8.4,8.2,8.29,-0.241,8.27,8.36,7.59,N,-1.086,0.483,8.203,7.358
2572,sz.002668,2021-12-16,2021-12-15,1,16,7,6,6,5.97,5.97,5.97,5.36,5.36,5.09,5.99,5.87,5.97,-1.34,5.89,5.97,5.36,N,-1.34,0.335,8.878,8.543
2582,sz.002678,2021-12-16,2021-12-13,3,14,1,2,1,6.81,6.81,6.81,6.57,6.5,6.5,6.82,6.76,6.75,0.296,6.77,6.81,6.57,N,-0.593,0.148,2.963,2.815
2606,sz.002703,2021-12-16,2021-12-14,2,7,7,7,7,6.17,6.17,6.17,5.64,5.64,5.59,6.19,5.98,6.05,1.322,6.13,6.17,5.64,N,-0.661,0.331,8.099,5.62
2621,sz.002721,2021-12-16,2021-12-15,1,1,8,6,5,3.72,3.72,3.72,3.38,3.38,2.7,3.97,3.59,3.72,-3.226,3.6,3.72,3.38,N,-3.226,6.72,5.914,5.645
2642,sz.002742,2021-12-16,2021-12-15,1,6,6,4,4,7.09,7.09,7.09,6.58,6.58,5.99,7.19,7.01,7.09,-0.705,7.04,7.09,6.58,N,-0.705,1.41,6.488,6.065
2643,sz.002743,2021-12-16,2021-12-16,0,17,2,2,2,6.91,6.91,6.99,6.23,6.23,5.96,7.02,6.68,6.69,3.288,6.91,6.99,6.23,Y,-1.196,0.448,10.164,6.726
2696,sz.002802,2021-12-16,2021-12-07,9,8,1,3,3,23.1,23.1,23.1,20.72,20.72,18.98,23.29,22.92,23,0.217,23.05,23.1,20.72,N,-0.217,0.826,10.13,9.565
2701,sz.002808,2021-12-16,2021-12-07,9,6,-3,2,1,7.53,7.98,7.98,7.98,6.63,6.63,8.01,7.83,7.85,1.529,7.97,7.98,7.98,N,-0.127,0.382,-0.127,-1.911
2738,sz.002848,2021-12-16,2021-12-03,13,4,2,1,1,8.98,8.98,8.98,8.64,8.49,7.73,9.01,8.91,8.95,0.112,8.96,8.98,8.64,N,-0.223,0.335,3.575,3.017
2747,sz.002858,2021-12-16,2021-12-14,2,11,9,9,9,19.78,19.78,19.78,16.85,15.81,14.18,20.09,19.52,19.69,0.356,19.76,19.78,16.85,N,-0.102,1.574,14.779,13.56
2765,sz.002877,2021-12-16,2021-12-14,2,7,5,3,3,6.87,6.87,6.87,6.41,6.41,6.41,6.9,6.7,6.71,1.192,6.79,6.87,6.41,N,-1.192,0.447,5.663,4.322
2767,sz.002879,2021-12-16,2021-12-07,9,7,-8,-8,9,21.88,21.88,25.85,25.85,25.85,16.72,26.55,25.27,25.45,0.275,25.52,25.85,25.85,N,-1.297,2.75,-1.297,-2.279
2784,sz.002897,2021-12-16,2021-12-15,1,19,9,9,9,56.55,56.55,56.55,42.1,42.1,42.1,57.98,53.98,56.55,-1.362,55.78,56.55,42.1,N,-1.362,2.529,24.191,21.008
2785,sz.002898,2021-12-16,2021-12-07,9,6,-5,3,1,9.6,10.03,10.03,10.03,8.87,8.87,10.04,9.84,9.86,0.811,9.94,10.03,10.03,N,-0.913,0.101,-0.913,-1.927
2798,sz.002912,2021-12-16,2021-12-14,2,7,2,1,1,33.06,33.06,33.06,30.63,30.63,29.16,33.24,32.63,32.9,-0.608,32.7,33.06,30.63,N,-1.094,0.547,6.292,6.079
2802,sz.002917,2021-12-16,2021-12-14,2,7,7,6,4,10.25,10.25,10.25,8.29,8.29,7.42,10.47,9.65,9.65,4.352,10.07,10.25,8.29,N,-1.865,2.28,18.446,14.093
2805,sz.002920,2021-12-16,2021-12-02,14,16,9,9,9,142.8,142.8,142.8,108.26,108.26,107.35,144.3,137.42,138.88,2.254,142.01,142.8,108.26,N,-0.569,1.08,24.302,20.997
2806,sz.002921,2021-12-16,2021-12-13,3,6,5,3,3,17.38,17.38,17.38,15.68,15.68,14.18,17.45,16.7,16.94,0.708,17.06,17.38,15.68,N,-1.889,0.413,8.146,6.021
