{
	"data": {
		"filename": "raw_hl_summary_cls17.csv",
		"columns": [
			"type",
			"pctchg_17",
			"xpct",
			"cls_v_h",
			"e_v_h",
			"s_v_h",
			"max_idx_h",
			"min_dix_h",
			"cls_v_l",
			"s_v_l",
			"e_v_l",
			"max_idx_l",
			"min_dix_l",
			"ny"
		],
		"sequence_length": 21,
		"train_test_split": 0.85,
		"normalise": true
	},
	"training": {
		"epochs": 300,
		"batch_size": 128
	},
	"model": {
		"loss": "mse",
		"optimizer": "adam",
		"save_dir": "saved_models",
		"layers": [
			{
				"type": "lstm",
				"neurons": 100,
				"input_timesteps": 21,
				"input_dim": 13,
				"return_seq": true
			},
			{
				"type": "dropout",
				"rate": 0.2
			},
			{
				"type": "lstm",
				"neurons": 100,
				"return_seq": true
			},
			{
				"type": "lstm",
				"neurons": 100,
				"return_seq": false
			},
			{
				"type": "dropout",
				"rate": 0.2
			},
			{
				"type": "dense",
				"neurons": 1,
				"activation": "linear"
			}
		]
	}
}
