{
	"data": {
		"filename": "raw_close5_min_data.csv",
		"columns": [
			"pctchg"
			,"type"
			,"max_idx"
			,"min_dix"
			,"s_v"
			,"e_v"
			,"hcr"
			,"lcr"
			,"hor"
			,"lor"
			,"ocr"
			,"nny"
		],
		"sequence_length": 21,
		"train_test_split": 0.85,
		"normalise": true
	},
	"training": {
		"epochs": 499,

		"batch_size": 128
	},
	"model": {
		"loss": "mse",
		"optimizer": "adam",
		"save_dir": "saved_models",
		"layers": [
			{
				"type": "lstm",
				"neurons": 100,
				"input_timesteps": 21,
				"input_dim": 11,
				"return_seq": true
			},
			{
				"type": "dropout",
				"rate": 0.2
			},
			{
				"type": "lstm",
				"neurons": 100,
				"return_seq": true
			},
			{
				"type": "lstm",
				"neurons": 100,
				"return_seq": false
			},
			{
				"type": "dropout",
				"rate": 0.2
			},
			{
				"type": "dense",
				"neurons": 1,
				"activation": "linear"
			}
		]
	}
}
